age,mean,se,year
2-4,0.07000860641988813,0.005534355504303711,2001
